"","est","se","lo.95","hi.95","var"
"1",0.649392428899444,0.0896741410622757,0.472822327849947,0.825962529948941,"d_abac"
