"","est","se","lo.95","hi.95","var"
"1",0.616531500513858,0.0951787139540814,0.42781799236453,0.805245008663185,"d_abac"
